PostalCode,total_policies,claims_count,freq,mean_margin
2000,133498,486,0.003640503977587679,-8.111944272270655
122,49171,210,0.004270810030302414,-22.859806159734156
7784,28585,50,0.0017491691446562883,-13.471242368693684
299,25546,67,0.0026227197995772333,19.55941497955782
7405,18518,29,0.0015660438492277784,17.516824530425943
458,13775,32,0.0023230490018148822,4.546073503345194
8000,11794,51,0.004324232660674919,-16.036381349657034
2196,11048,32,0.002896451846488052,-21.341082330424364
470,10226,44,0.004302757676510855,3.0691478522074913
7100,10161,28,0.002755634287963783,6.798053452446612
1724,10107,25,0.0024735331948154745,-10.914764205773889
4360,9730,27,0.002774922918807811,-19.948374194867696
302,9531,21,0.0022033364809568774,-56.34649492036327
152,9423,32,0.0033959460893558313,27.911639886243183
7750,9408,17,0.0018069727891156463,19.440433168624885
1863,8655,44,0.005083766608896592,-100.57095343411655
1022,8476,16,0.0018876828692779614,11.993273224182836
4068,8234,30,0.0036434296818071412,-22.23365327124928
400,6692,34,0.005080693365212194,38.81259614123584
4001,6647,20,0.0030088761847449977,-57.57625075854396
4092,6526,20,0.0030646644192460926,-36.59270882209044
3610,6429,20,0.0031109037175299425,-12.093161068419409
4051,6267,19,0.003031753630126057,-34.5323542735918
902,6256,19,0.003037084398976982,0.8489315265001931
7570,6004,10,0.0016655562958027982,1.355827229861655
7785,5917,14,0.0023660638837248605,-60.93933012748451
4340,5878,6,0.0010207553589656345,30.13033791553169
4037,5869,21,0.003578122337706594,-50.492399713016134
316,5611,9,0.0016039921582605597,45.63383243351865
7800,5568,5,0.0008979885057471264,-9.11027803396497
4137,5499,15,0.002727768685215494,16.798840879036156
1,5341,12,0.0022467702677401234,-6.4684545047919775
4000,5245,13,0.002478551000953289,-20.15978483704554
314,5047,4,0.0007925500297206261,19.786320537260785
300,4990,7,0.0014028056112224449,45.77776061146982
8020,4857,8,0.0016471072678608193,1.4439750709427335
8017,4517,16,0.0035421740092982067,-20.000238095059302
7441,4472,21,0.004695885509838999,-0.21597944976048278
2410,4129,7,0.0016953257447323807,19.124306325903568
1060,3974,14,0.0035228988424760945,-35.103501601504696
4091,3953,19,0.004806476094105743,-13.766259020922881
360,3935,9,0.002287166454891995,-1.549832435620581
7140,3909,14,0.003581478639038117,-34.79734683382963
1522,3890,11,0.002827763496143959,-13.320933177908703
1818,3868,8,0.002068252326783868,24.569198981755644
4066,3781,8,0.0021158423697434543,-1.0733702284809847
472,3773,3,0.0007951232441028359,30.82353075391309
1868,3641,11,0.0030211480362537764,-15.141729364435317
4099,3620,16,0.004419889502762431,-73.3671047439598
162,3556,10,0.00281214848143982,14.077091280636562
1057,3528,5,0.001417233560090703,16.706871378784168
4359,3523,12,0.0034061879080329264,-25.01199446232489
3613,3510,2,0.0005698005698005698,35.39027281826923
318,3503,3,0.0008564087924636027,30.73676893586704
2090,3462,12,0.0034662045060658577,16.764417598714246
2198,3346,13,0.0038852361028093247,-129.48387507957108
4110,3294,3,0.0009107468123861566,5.60724640854237
190,3290,7,0.002127659574468085,1.0849081082446832
4023,3204,9,0.0028089887640449437,29.654441137969528
450,3170,7,0.0022082018927444794,2.4693673667159266
1632,3169,8,0.0025244556642473968,25.9157386413418
1059,3114,9,0.002890173410404624,-0.6384118989555525
1804,3013,5,0.001659475605708596,2.861884569274537
2001,2989,4,0.0013382402141184342,9.806051089453199
555,2922,6,0.002053388090349076,14.530416418272718
7780,2855,4,0.0014010507880910684,40.52641708652468
7580,2815,3,0.0010657193605683837,31.500109004941223
7764,2772,12,0.004329004329004329,-35.03861844883079
7945,2728,4,0.001466275659824047,32.54329632697445
3950,2625,4,0.0015238095238095239,71.85370040908697
4052,2576,12,0.004658385093167702,-78.0688515555028
305,2555,8,0.0031311154598825833,-13.361643125711007
1020,2554,11,0.004306969459671104,-24.19947527859683
6212,2542,4,0.0015735641227380016,-42.49687696975451
1809,2517,1,0.0003972983710766786,30.90709923234251
183,2515,13,0.005168986083499006,-98.58013202850425
474,2447,11,0.004495300367797303,-14.807672287474595
7793,2431,4,0.0016454134101192926,-25.201892146425834
2037,2424,11,0.004537953795379538,-242.06552182554165
1754,2414,8,0.0033140016570008283,-55.46630972851262
4405,2381,1,0.00041999160016799666,40.399220372309955
1047,2338,9,0.003849443969204448,41.19485276596906
303,2284,6,0.002626970227670753,-119.60760546654487
4056,2245,7,0.0031180400890868597,24.62434176965367
4071,2226,4,0.0017969451931716084,62.09901602100858
1021,2200,6,0.0027272727272727275,12.496555057869895
1813,2175,4,0.0018390804597701149,-0.2068903462960453
4063,2174,17,0.0078196872125115,-52.228135294826636
3201,2118,9,0.00424929178470255,32.81937378432911
1619,2110,2,0.0009478672985781991,4.770939342303953
2744,2109,5,0.002370791844476055,23.37925890218681
7975,2094,10,0.004775549188156638,-255.2622207067223
1441,2074,1,0.00048216007714561236,1.8106171407042622
1550,2074,3,0.0014464802314368371,-0.9802551749861913
200,2044,4,0.0019569471624266144,-26.03051618740694
7455,1999,6,0.0030015007503751876,-13.871066232583587
1811,1979,9,0.004547751389590703,-2.926993208770852
407,1975,9,0.004556962025316456,9.981702502178676
7745,1972,0,0.0,13.732989038579273
742,1964,8,0.004073319755600814,7.14876087318356
7450,1957,6,0.0030659172202350538,-77.32645333551783
308,1937,2,0.0010325245224574084,55.43813654983393
4004,1908,3,0.0015723270440251573,12.213428393716834
1520,1885,2,0.0010610079575596816,25.238661673414217
3170,1850,7,0.0037837837837837837,-5.836764581899713
120,1820,7,0.0038461538461538464,44.158768109790216
5000,1818,3,0.0016501650165016502,25.25197700203945
1759,1815,7,0.003856749311294766,-18.576284191372732
9300,1815,2,0.0011019283746556473,31.690495674447586
7103,1815,2,0.0011019283746556473,26.47468106830272
4011,1812,1,0.0005518763796909492,33.79878007435865
1640,1809,2,0.001105583195135434,35.614846213189644
1852,1803,4,0.0022185246810870773,-26.024231792061634
7490,1794,1,0.0005574136008918618,71.9730206259854
1431,1792,6,0.0033482142857142855,-137.2647331656862
1709,1780,2,0.0011235955056179776,53.06793978697857
3630,1771,6,0.0033879164313946925,-86.3625704741308
208,1765,1,0.0005665722379603399,44.68079374141259
1496,1764,4,0.0022675736961451248,57.650723851626225
1085,1761,5,0.0028392958546280523,42.23153311270705
4093,1761,8,0.004542873367404884,-50.981147116155704
5100,1756,2,0.0011389521640091116,34.15287288790298
186,1742,7,0.004018369690011481,-14.915402588619957
2091,1728,6,0.003472222222222222,-7.404778541795729
4067,1728,0,0.0,0.0
7550,1725,5,0.002898550724637681,58.690481061700204
1050,1711,3,0.0017533606078316774,81.23599301051375
2865,1708,0,0.0,59.77406254674255
2194,1705,8,0.00469208211143695,-82.18837932476636
338,1671,4,0.0023937761819269898,8.957615491741475
182,1664,9,0.005408653846153846,8.214902310686847
6213,1627,12,0.007375537799631223,-5.853787564294989
8301,1618,3,0.001854140914709518,1.6185386117877971
1803,1612,5,0.003101736972704715,20.484521587184584
1685,1606,1,0.0006226650062266501,13.246021346802836
4060,1604,9,0.005610972568578554,-2.6388998973417612
4449,1600,2,0.00125,34.90777359662568
7530,1599,2,0.0012507817385866166,25.244027215280475
7493,1589,2,0.0012586532410320957,42.84969714113007
3973,1581,1,0.0006325110689437065,36.00153178645523
309,1568,5,0.0031887755102040817,0.8182977913289458
4069,1523,6,0.003939592908732764,-61.355325283959615
7501,1512,0,0.0,42.293401413479735
3880,1508,1,0.000663129973474801,68.17513016918605
2014,1504,2,0.0013297872340425532,18.517661633721705
4059,1500,5,0.0033333333333333335,59.38419544563886
2876,1500,1,0.0006666666666666666,-10.720135991322561
1865,1493,6,0.004018754186202277,-53.93240387228709
2,1488,6,0.004032258064516129,-0.6878824679688095
1401,1484,7,0.0047169811320754715,-55.28980322741919
5247,1451,1,0.0006891798759476223,51.571883065702174
2499,1442,2,0.0013869625520110957,-17.38076581884686
4200,1441,10,0.006939625260235947,-54.125485430125345
1458,1423,4,0.0028109627547434997,32.57905907714654
5219,1421,1,0.0007037297677691766,90.90600503713802
9869,1415,1,0.0007067137809187279,43.19363107854157
1875,1393,1,0.0007178750897343862,12.671412887375476
370,1390,3,0.002158273381294964,19.7535671800757
2092,1370,5,0.0036496350364963502,25.988288098321295
177,1361,8,0.005878030859662013,-32.883946349385205
1455,1344,2,0.001488095238095238,-21.447652695105926
2093,1342,4,0.0029806259314456036,-176.3096238929137
4057,1314,7,0.00532724505327245,-60.723117622680945
699,1312,5,0.0038109756097560975,52.54885843021018
2530,1305,5,0.0038314176245210726,40.71896786986598
2870,1304,0,0.0,42.430150425539225
8,1279,1,0.0007818608287724785,89.62463450238636
1984,1278,7,0.005477308294209703,34.2462512435432
7783,1260,2,0.0015873015873015873,-70.1040463813303
4061,1253,3,0.0023942537909018356,35.58301937210159
1460,1253,6,0.004788507581803671,7.245350597163151
1862,1251,2,0.0015987210231814548,72.31220745851344
2735,1246,1,0.0008025682182985554,54.652495969444914
1039,1233,2,0.0016220600162206002,-28.166265189065385
1874,1188,8,0.006734006734006734,-90.81650774963398
4126,1180,1,0.000847457627118644,44.777271778030155
1559,1170,1,0.0008547008547008547,55.35652350962854
1030,1163,10,0.008598452278589854,-33.46608132228373
4820,1156,1,0.0008650519031141869,-93.82802429829655
1830,1129,0,0.0,46.88374524877801
1426,1125,5,0.0044444444444444444,-58.63778195359392
1053,1115,1,0.0008968609865470852,50.0460001383948
404,1096,5,0.004562043795620438,-44.04497101501498
7888,1077,0,0.0,23.031923516484174
2880,1065,1,0.0009389671361502347,35.37290068876425
7766,1064,0,0.0,13.42587947479043
7581,1044,4,0.0038314176245210726,-71.83462435180856
1939,1039,1,0.0009624639076034649,45.48281319428745
7160,1038,1,0.0009633911368015414,-75.71845369820674
125,1038,7,0.00674373795761079,-29.69403640791359
4309,1028,2,0.0019455252918287938,43.014409864405955
1072,1028,1,0.0009727626459143969,24.707727297984185
4960,1023,2,0.0019550342130987292,54.24329199492578
6200,1021,1,0.0009794319294809011,40.790250343152074
4310,1013,5,0.004935834155972359,-143.1693360452956
1541,1009,2,0.0019821605550049554,34.584400892813214
307,1003,2,0.0019940179461615153,-179.85250014811228
3250,996,2,0.002008032128514056,7.151611596925176
3780,984,1,0.0010162601626016261,60.03940457008396
1682,977,4,0.0040941658137154556,-0.44086380706891865
1061,970,4,0.004123711340206186,64.75500016148588
3900,968,0,0.0,79.98523327229672
9301,957,1,0.0010449320794148381,52.0381569343688
7941,938,6,0.006396588486140725,6.603475565417791
1475,937,1,0.0010672358591248667,56.5469189459859
4065,930,5,0.005376344086021506,-45.28417889077555
179,927,6,0.006472491909385114,-248.5291093760783
1779,921,2,0.002171552660152009,54.68475368524427
1064,913,0,0.0,59.67481917328185
164,907,1,0.0011025358324145535,9.462856051374205
250,907,0,0.0,77.06511766746563
2890,904,4,0.004424778761061947,52.39071397636583
2040,892,4,0.004484304932735426,20.98984127074733
4094,888,6,0.006756756756756757,-48.386121114103396
5099,887,1,0.0011273957158962795,1.095681376830673
8051,886,3,0.003386004514672686,-17.800915604109147
430,873,1,0.001145475372279496,-1.2087570687890499
4105,872,2,0.0022935779816513763,-18.92274078350303
4030,862,2,0.002320185614849188,19.02783806031952
1739,846,4,0.004728132387706856,-203.72979605093605
1120,843,3,0.0035587188612099642,59.427361959503806
4089,839,0,0.0,106.80955750371133
333,834,3,0.0035971223021582736,32.33583573842668
4133,832,1,0.001201923076923077,48.27084673301661
5322,814,6,0.007371007371007371,-48.74346120213744
739,814,0,0.0,71.45340180530091
201,810,5,0.006172839506172839,24.00216731015079
557,810,3,0.003703703703703704,21.167874229762983
269,802,0,0.0,72.60879527723155
355,802,1,0.0012468827930174563,65.12121368727274
1983,800,0,0.0,88.01680868114461
157,799,7,0.008760951188986232,-54.54636664452098
449,796,6,0.007537688442211055,-81.43571259652958
6600,784,1,0.0012755102040816326,45.60853178332716
1700,782,3,0.0038363171355498722,-82.19642791906783
6000,778,1,0.0012853470437017994,-64.82737719007302
3370,775,0,0.0,95.5999225294068
556,768,0,0.0,71.1489891021444
2502,768,0,0.0,0.7685942363469153
7439,756,0,0.0,1.5357740747371018
2056,753,3,0.00398406374501992,-107.02574743470966
2157,751,9,0.011984021304926764,-281.510193565557
1618,735,2,0.0027210884353741495,-11.051741221534824
5410,730,1,0.0013698630136986301,74.05803746514582
4450,730,0,0.0,85.42914343781246
320,729,1,0.0013717421124828531,50.493945990468006
1774,717,2,0.002789400278940028,-32.472220589829
335,717,3,0.0041841004184100415,-43.78857332177374
402,710,3,0.004225352112676056,40.169847708776416
4380,707,2,0.002828854314002829,-18.610483386684656
84,701,1,0.0014265335235378032,55.88142903621378
1129,694,0,0.0,53.55774028281306
3380,689,0,0.0,67.42000740200434
7503,682,1,0.001466275659824047,36.16594504246127
1123,681,1,0.0014684287812041115,34.593369915243194
2069,678,1,0.0014749262536873156,54.47710782612379
7460,676,1,0.0014792899408284023,46.05127323316769
7569,675,0,0.0,2.4389547758284427
81,669,7,0.01046337817638266,-595.8479825788013
3700,663,3,0.004524886877828055,-318.17262702957146
700,662,4,0.006042296072507553,-8.442863331582453
4031,657,7,0.0106544901065449,-154.04318068364086
790,651,1,0.0015360983102918587,49.179512656076284
9781,643,3,0.004665629860031105,-84.94627996331596
7802,639,4,0.006259780907668232,-159.49847854377765
4680,630,1,0.0015873015873015873,-323.14819770932786
1062,630,1,0.0015873015873015873,38.93171818434954
4454,628,0,0.0,24.992625239859688
1459,622,0,0.0,73.86583768017417
1471,620,0,0.0,28.868092954159422
4074,620,1,0.0016129032258064516,100.77746866515898
22,605,0,0.0,55.3906764017479
4171,600,11,0.018333333333333333,-346.9019839181292
6242,600,0,0.0,76.56192859736674
7947,599,1,0.001669449081803005,-21.761795618302603
1034,599,3,0.005008347245409015,90.01346869817793
1610,598,1,0.0016722408026755853,-225.73886695347719
8001,590,1,0.001694915254237288,-4.692483127583951
1038,590,0,0.0,1.7768953315492033
168,585,0,0.0,74.06678502814317
8580,584,2,0.003424657534246575,44.809964167973085
4170,581,3,0.0051635111876075735,54.1435221929605
621,580,2,0.0034482758620689655,35.0955128749291
1054,579,2,0.0034542314335060447,63.509301578644006
2188,574,1,0.0017421602787456446,64.87956500219836
3180,564,1,0.0017730496453900709,48.6633771361216
1035,563,1,0.0017761989342806395,38.299177682216
1575,557,0,0.0,39.95078431985141
2143,556,6,0.01079136690647482,-132.85556181691834
1692,555,0,0.0,34.87475810020534
6506,552,1,0.0018115942028985507,63.5036458769057
1744,552,3,0.005434782608695652,38.717765656055995
2791,550,0,0.0,29.774179312650954
8060,549,2,0.0036429872495446266,1.6951237906592278
2745,548,1,0.0018248175182481751,-50.25409685474602
311,544,1,0.001838235294117647,-31.58441876290008
993,544,1,0.001838235294117647,15.018133676220735
2094,540,1,0.001851851851851852,-96.1056435964466
617,533,0,0.0,65.90387025103732
8570,531,0,0.0,44.70929151696833
3935,530,1,0.0018867924528301887,27.1218834182227
1491,528,1,0.001893939393939394,53.440221191648874
8005,520,1,0.0019230769230769232,55.84555174459053
1812,519,1,0.0019267822736030828,34.001544402680985
129,510,0,0.0,19.29423116615056
6835,509,1,0.0019646365422396855,16.96554347062087
3135,505,2,0.0039603960396039604,78.41116188987297
2191,500,1,0.002,-112.87534983720089
4302,495,0,0.0,53.182090331726826
7144,495,2,0.00404040404040404,-7.298646293152526
37,486,2,0.00411522633744856,46.858650831079736
737,485,1,0.002061855670103093,-58.18192450197685
1827,483,1,0.002070393374741201,30.364692134731257
379,480,0,0.0,6.577657163742588
175,480,2,0.004166666666666667,-41.89567927042101
6025,479,0,0.0,44.75443198942019
3670,477,2,0.0041928721174004195,13.424767588647411
459,477,4,0.008385744234800839,49.86154796057191
477,476,1,0.0021008403361344537,-24.493248746867472
1791,472,1,0.00211864406779661,-304.9624430891682
161,470,3,0.006382978723404255,20.583283675901825
5160,466,0,0.0,38.994335516903675
3310,462,1,0.0021645021645021645,68.47991831493597
3000,462,1,0.0021645021645021645,-28.531713355358438
4145,460,5,0.010869565217391304,-89.41667064581766
4339,459,1,0.002178649237472767,6.905106444440635
6625,459,1,0.002178649237472767,29.597701783977005
29,454,1,0.0022026431718061676,62.409209292236945
1666,452,0,0.0,20.88073941007946
7101,447,0,0.0,62.24785446121117
7786,445,0,0.0,81.73464312966149
7612,441,0,0.0,83.08861535925952
6,440,2,0.004545454545454545,30.980985446570763
7380,439,1,0.002277904328018223,92.57372252022722
8160,439,0,0.0,25.07284775339991
2197,439,2,0.004555808656036446,85.53585368557664
1982,438,1,0.00228310502283105,47.74949999095525
4240,438,0,0.0,80.82714310979033
5090,437,2,0.004576659038901602,-55.62203467417133
2170,437,1,0.002288329519450801,28.942313992980296
1864,437,0,0.0,66.6540682156781
1405,436,1,0.0022935779816513763,39.15521595068597
1748,432,1,0.0023148148148148147,0.5378640350876827
1150,430,0,0.0,80.69103670654478
5201,425,1,0.002352941176470588,32.26388362794994
3855,423,2,0.004728132387706856,-22.47257327913962
2951,420,1,0.002380952380952381,71.19557214945938
5319,419,0,0.0,62.80741694220325
8309,417,0,0.0,24.912589928057407
1055,415,0,0.0,88.39430243077535
21,415,3,0.007228915662650603,-78.47750249896058
2190,414,0,0.0,40.23962772268818
2031,408,2,0.004901960784313725,-209.68286253749787
5362,408,0,0.0,59.27477657241668
7220,405,0,0.0,102.48917933723156
1710,404,0,0.0,45.752241798903825
6211,403,0,0.0,115.02014449655678
2380,403,1,0.0024813895781637717,58.56202365254335
431,401,0,0.0,56.37397304983123
4005,401,1,0.0024937655860349127,19.740647306464883
5,400,4,0.01,-145.72518947368482
9750,400,0,0.0,82.01797038058822
1124,397,0,0.0,42.32785809388164
184,397,2,0.005037783375314861,-13.862048793268137
3838,390,0,0.0,22.242812814708323
8040,390,0,0.0,87.65800415136918
3624,390,2,0.005128205128205128,-30.453373819163733
708,387,3,0.007751937984496124,-100.44121836892036
317,386,0,0.0,77.3341278065628
1494,385,2,0.005194805194805195,68.94598336750948
4400,382,0,0.0,34.34146699822506
172,380,0,0.0,50.87300338016074
4144,378,1,0.0026455026455026454,47.90001253132801
44,374,1,0.00267379679144385,-18.893415134315727
198,372,6,0.016129032258064516,-478.17974484424775
465,372,0,0.0,73.7788780418785
727,372,1,0.002688172043010753,88.8561454442553
475,370,1,0.002702702702702703,50.3064171916274
399,370,0,0.0,36.14576647700316
6231,369,0,0.0,67.51643986320786
530,367,1,0.0027247956403269754,44.90301281131966
5600,365,0,0.0,78.17013149754617
5180,363,0,0.0,70.31425219941315
2740,362,0,0.0,15.772796832349936
1963,361,0,0.0,3.3732269038246456
9306,360,1,0.002777777777777778,47.84286306042865
151,360,0,0.0,25.09191081871336
7600,356,0,0.0,78.23895557918863
7,356,0,0.0,33.586493580816665
1024,350,2,0.005714285714285714,-148.82409273182986
608,349,1,0.0028653295128939827,77.176392522576
1867,346,0,0.0,30.48466281310197
5170,344,0,0.0,65.40748829007042
812,343,0,0.0,94.30727501150794
35,343,0,0.0,62.222391182036475
7437,340,0,0.0,104.15440144478784
2066,338,2,0.005917159763313609,-41.472168677982374
5050,337,2,0.005934718100890208,-561.3310154330729
6500,336,1,0.002976190476190476,111.94623871506697
2193,336,0,0.0,37.70354819340001
277,331,3,0.00906344410876133,-49.0447741661925
187,330,0,0.0,82.83056618819751
609,329,0,0.0,38.761075827867266
4070,324,1,0.0030864197530864196,79.07895094216985
4491,324,1,0.0030864197530864196,44.91321739608854
7000,321,1,0.003115264797507788,14.390406273194724
485,320,0,0.0,26.0746082785087
1000,320,0,0.0,45.51232456140328
4058,320,3,0.009375,-509.31203795274405
6001,316,0,0.0,47.54735481900939
4111,316,0,0.0,60.57836692205181
920,314,2,0.006369426751592357,-174.9657852832722
1980,312,0,0.0,8.84428115159689
5185,312,0,0.0,5.871691126855567
4691,312,0,0.0,122.81220001124574
64,310,2,0.0064516129032258064,43.63923712507028
1540,310,2,0.0064516129032258064,-126.13367879919204
4399,309,0,0.0,95.4271676744448
473,307,0,0.0,77.13525254899325
510,306,2,0.006535947712418301,35.924782421740254
5608,306,0,0.0,39.81765594356946
8345,306,0,0.0,70.83119223712843
7500,305,0,0.0,74.9424266748306
1421,303,0,0.0,46.585219463675315
1743,300,0,0.0,88.34173783625695
5209,299,0,0.0,109.95496904887598
4401,297,1,0.003367003367003367,-5.49162739448853
8149,297,0,0.0,0.0
8190,297,0,0.0,13.171905339949157
2007,297,0,0.0,45.48343568680533
9325,297,0,0.0,71.77225677830903
1570,296,0,0.0,23.50534668879398
3105,292,0,0.0,117.78340242730076
1834,292,3,0.010273972602739725,-279.687067217868
4087,291,2,0.006872852233676976,-44.083748698780205
7700,291,4,0.013745704467353952,-155.53687937437763
8575,290,1,0.0034482758620689655,56.904447919715615
1448,290,0,0.0,60.2115903538042
2534,290,0,0.0,38.899938761670406
6570,288,0,0.0,0.0
4132,288,2,0.006944444444444444,7.479473487706558
1841,287,1,0.003484320557491289,77.1168414939786
3815,287,2,0.006968641114982578,-29.57191917638321
7620,284,0,0.0,91.37485616585731
2189,280,0,0.0,32.594634085212974
7406,279,0,0.0,38.39716720115688
3969,278,1,0.0035971223021582736,83.32890674557096
9431,277,0,0.0,64.23722524256343
192,274,0,0.0,0.0
4260,274,0,0.0,55.654747418271846
1742,274,0,0.0,63.66654693302577
2754,270,0,0.0,23.806527479091823
476,270,2,0.007407407407407408,27.591339506172584
1133,270,0,0.0,63.98985289148771
5040,269,0,0.0,77.38206874763735
1824,268,1,0.0037313432835820895,37.5758784494334
7540,267,0,0.0,39.88983286313696
153,264,1,0.003787878787878788,-144.3406943115365
3865,264,0,0.0,42.051008771929666
7579,264,0,0.0,65.35151530157235
2351,264,3,0.011363636363636364,-159.71476602827988
2420,263,0,0.0,32.4600018010804
2868,262,0,0.0,95.35322298350806
7751,261,3,0.011494252873563218,-346.5612547730098
4930,256,0,0.0,77.08908506944407
1548,255,2,0.00784313725490196,-54.4282509959278
1805,255,2,0.00784313725490196,-611.0583875617258
5670,253,1,0.003952569169960474,97.62991080435971
1098,253,0,0.0,79.32760665002381
1860,252,0,0.0,31.16639733293798
220,250,0,0.0,60.11560807017526
143,250,0,0.0,11.760182795698851
3629,248,1,0.004032258064516129,144.57241511035608
6139,246,0,0.0,72.96606132759095
292,243,0,0.0,66.25651106981105
1745,242,0,0.0,49.800326228794916
8240,242,1,0.004132231404958678,31.077767253878122
3660,241,0,0.0,127.82904356846421
1821,241,0,0.0,105.76559062292297
365,240,2,0.008333333333333333,31.07908810916125
3270,240,0,0.0,57.4771470760232
1424,240,1,0.004166666666666667,89.15285443784147
736,240,0,0.0,38.439815930956215
7532,240,0,0.0,57.559377192982154
631,239,2,0.008368200836820083,-174.8686792548253
7798,233,0,0.0,99.12038777200466
1003,232,0,0.0,30.950068058076077
5253,231,1,0.004329004329004329,105.74135418213139
1245,231,0,0.0,79.63025974025929
1948,230,0,0.0,111.27545405018475
3306,230,0,0.0,27.858033340714925
54,230,0,0.0,129.75462003887657
5320,229,0,0.0,121.50283716934224
3635,228,2,0.008771929824561403,-147.24836103416453
1185,228,0,0.0,101.62051201858608
6848,225,0,0.0,49.75163516317649
3652,225,0,0.0,44.21203657791785
4730,224,0,0.0,70.10530303834143
5601,223,0,0.0,89.63154521145402
4008,222,2,0.009009009009009009,-362.9820645815614
2940,220,0,0.0,28.471337344001405
9870,220,0,0.0,80.4692917065386
8271,220,0,0.0,78.59114192004895
6708,219,0,0.0,42.650484633294674
2125,217,0,0.0,65.7810719671184
5660,217,2,0.009216589861751152,-27.195671162818908
4700,217,0,0.0,23.59719131161227
479,216,0,0.0,12.887873658533945
66,216,0,0.0,6.230737256073223
6840,216,0,0.0,0.0
5470,216,0,0.0,51.73103065147409
5920,216,0,0.0,82.60928849902506
467,216,1,0.004629629629629629,-86.53823505523094
495,216,0,0.0,0.0
7801,216,0,0.0,6.482325715972514
147,214,0,0.0,29.357871385578704
9762,212,0,0.0,41.754875321672884
1625,209,1,0.004784688995215311,113.61658952134106
2882,208,1,0.004807692307692308,57.20511558051437
942,208,0,0.0,111.11384352825267
1280,206,0,0.0,62.34755159312284
1928,206,0,0.0,115.02023328018045
2570,200,0,0.0,56.40350315789449
7133,198,2,0.010101010101010102,-522.6472496755905
3615,198,0,0.0,59.43469545074789
3276,196,0,0.0,74.20761891768578
1466,194,3,0.015463917525773196,84.73941671188243
2571,192,0,0.0,15.147692431262938
268,192,0,0.0,125.30696204135971
154,192,0,0.0,26.102203383893663
1454,192,1,0.005208333333333333,-99.7096458485626
264,188,0,0.0,109.62468863261415
5900,187,0,0.0,77.62795149638782
6059,187,0,0.0,42.458345968422755
4430,186,0,0.0,66.31214410600124
7806,185,0,0.0,88.43567909638945
1501,184,2,0.010869565217391304,-349.37330212306176
1837,182,0,0.0,117.35290762965079
101,181,0,0.0,101.96123824755225
1058,180,0,0.0,110.41524139051297
2095,180,0,0.0,92.26202732638004
1449,180,0,0.0,104.43825570871584
623,180,0,0.0,86.47551315789435
5130,180,0,0.0,100.25218827003246
2008,180,0,0.0,85.47704802283445
6280,180,0,0.0,95.82747377853204
4250,180,0,0.0,124.67743859649086
3920,179,0,0.0,100.36700907070309
5140,178,0,0.0,117.14954516478723
1630,178,0,0.0,-0.6174583227732415
7626,173,0,0.0,0.7605719501064797
1930,173,0,0.0,35.83727056079492
1740,172,1,0.005813953488372093,81.35241997999462
1725,172,0,0.0,65.28770271844263
3242,171,0,0.0,0.0
950,171,0,0.0,112.80370883348678
3297,170,0,0.0,140.16207205632648
2063,168,1,0.005952380952380952,-71.57501143820606
1851,168,0,0.0,56.687005012531145
9730,165,0,0.0,66.54136479394924
1571,164,0,0.0,32.09173481993716
362,163,0,0.0,67.15344599872897
193,162,1,0.006172839506172839,99.83716977113534
17,160,0,0.0,107.64967982456105
2574,160,1,0.00625,88.16531094368942
2507,160,0,0.0,24.304425438596336
310,160,0,0.0,60.2305614035086
6836,160,1,0.00625,-331.3174605263162
1781,160,0,0.0,59.890066107809616
1457,160,0,0.0,72.67677679329321
181,158,4,0.02531645569620253,-204.81802112211952
6140,158,1,0.006329113924050633,71.18160847965116
118,156,0,0.0,95.51293787517088
1801,154,0,0.0,58.35772375337677
9499,154,1,0.006493506493506494,9.65121667805831
3600,154,0,0.0,133.86406641603975
6390,153,0,0.0,101.94780644421478
7690,152,0,0.0,123.0662082998239
2840,151,2,0.013245033112582781,31.196102009991602
7310,151,0,0.0,55.17939301897108
6201,150,0,0.0,115.2613380116955
2017,150,0,0.0,0.0
1519,150,0,0.0,0.0
3974,150,0,0.0,60.046321286549464
5120,148,0,0.0,78.94157761311484
3107,144,0,0.0,107.9356944444441
4275,144,0,0.0,130.00113021128053
3217,144,0,0.0,78.67704602774069
3300,144,0,0.0,0.0
6875,144,0,0.0,82.7018603801167
970,144,0,0.0,43.795438596490996
2195,143,0,0.0,39.87664519690816
1620,140,0,0.0,6.927495755517764
5321,140,0,0.0,99.32607223415647
486,140,0,0.0,99.02895739348335
2062,140,1,0.007142857142857143,-30.057449349179958
2619,136,0,0.0,72.62652297846093
3609,136,1,0.007352941176470588,-236.60329879490016
1819,135,0,0.0,129.21561078622446
31,135,3,0.022222222222222223,-351.96267056530303
456,135,1,0.007407407407407408,-116.58152609720285
5252,134,0,0.0,106.88643036635858
7456,133,0,0.0,0.3297717979158421
4062,132,0,0.0,64.6046544612791
4182,132,0,0.0,62.36490241978342
628,132,0,0.0,88.89055821371572
945,132,1,0.007575757575757576,-405.13201222753867
7525,132,0,0.0,82.16338698387328
3150,132,0,0.0,0.0
745,132,0,0.0,55.21116427432173
414,132,0,0.0,88.9404226475274
3837,132,0,0.0,0.0
9756,132,1,0.007575757575757576,-1125.351747397573
5380,132,1,0.007575757575757576,59.31662293563775
1687,131,0,0.0,113.89857238516106
453,130,0,0.0,65.09920176993316
931,130,1,0.007692307692307693,63.853991902833656
469,130,0,0.0,52.1019298245608
4800,129,0,0.0,92.51064207352987
4270,128,0,0.0,160.6973026315786
8566,127,0,0.0,81.90406576830662
821,126,0,0.0,82.42023598422553
1127,126,0,0.0,62.72161793372278
7755,126,0,0.0,88.10086614385374
982,125,0,0.0,101.95210336486326
8446,124,0,0.0,69.6894241652514
3616,121,0,0.0,33.80492967957065
2230,121,0,0.0,102.8213476873999
195,121,0,0.0,100.08608452950527
4027,121,3,0.024793388429752067,-271.90560996132075
6229,121,0,0.0,7.971635727548595
2930,121,0,0.0,123.48906686871773
3602,121,1,0.008264462809917356,98.33342830216003
2375,120,0,0.0,61.66945540935654
6205,120,0,0.0,107.45103615984368
4480,120,0,0.0,111.6834976608183
9752,120,0,0.0,118.86463450292366
1423,120,0,0.0,171.01085689571093
2128,120,0,0.0,0.0
1688,120,0,0.0,124.26579166666632
8601,120,0,0.0,62.868274853801005
49,120,1,0.008333333333333333,-144.71990963969085
721,120,3,0.025,71.52954678362534
3200,119,0,0.0,84.39025210084014
807,117,0,0.0,120.405562158083
4075,115,0,0.0,74.8901018851475
1474,112,0,0.0,108.70947727180814
6120,112,0,0.0,69.18056902859816
1507,111,1,0.009009009009009009,-247.59657426223265
1806,110,0,0.0,64.55487559808591
690,110,0,0.0,9.839847893193326
199,110,2,0.01818181818181818,108.92862440191354
1342,110,2,0.01818181818181818,-1511.886460307664
1360,110,0,0.0,90.2260438596487
139,110,2,0.01818181818181818,-67.50504944178677
1240,110,0,0.0,88.642559808612
984,110,0,0.0,104.07820733652262
5200,110,0,0.0,0.0
2835,110,0,0.0,66.99463317384327
9334,110,0,0.0,134.22874003189753
286,108,0,0.0,1.0978514274035927
1250,108,0,0.0,0.0
4980,108,0,0.0,134.4870614035085
1154,108,0,0.0,8.62683804418449
3968,108,0,0.0,120.64567982456091
7395,108,0,0.0,119.37224454505397
6571,108,1,0.009259259259259259,-4.6261111111111965
5720,108,0,0.0,126.27558715336693
1372,108,0,0.0,13.54210279943675
9700,108,0,0.0,87.37143479217708
457,108,0,0.0,78.88609161793345
422,108,0,0.0,58.538166666666335
3203,105,0,0.0,135.50604010025037
388,104,0,0.0,59.74621710526275
6350,104,0,0.0,56.20902918353563
3350,104,2,0.019230769230769232,-189.27968117408957
751,100,0,0.0,0.0
2146,100,1,0.01,59.284443508771744
121,100,0,0.0,118.78185087719261
2231,100,0,0.0,35.90207894736825
351,100,0,0.0,83.48281298245587
116,100,0,0.0,90.87448798245585
9868,100,0,0.0,116.042377192982
8447,100,0,0.0,134.77561403508741
9725,100,0,0.0,139.7568771929821
561,100,0,0.0,80.65718347953178
132,100,1,0.01,105.8011052631573
1747,99,0,0.0,112.99413255360578
8306,99,0,0.0,112.97350877192936
8165,99,0,0.0,90.56821371610792
1052,99,0,0.0,118.20565390749572
925,99,0,0.0,111.75782296650681
802,99,0,0.0,15.38610133593995
3612,99,0,0.0,53.746270600744204
5700,99,1,0.010101010101010102,-399.4849048492856
9600,96,0,0.0,123.77466934697833
7782,96,0,0.0,67.46884072580616
4125,96,0,0.0,56.69953115862531
7130,92,0,0.0,132.00355854309663
4490,91,0,0.0,122.91546462309591
2061,90,0,0.0,83.29422904483386
5480,90,0,0.0,87.28128492527573
9447,90,0,0.0,59.323306627679926
9459,90,0,0.0,119.03001448992822
6850,90,0,0.0,96.65319886289748
382,90,0,0.0,61.39447236370456
4990,90,0,0.0,136.916631578947
2057,90,0,0.0,106.51580204992726
301,90,0,0.0,105.43153067929627
1693,90,0,0.0,114.70842070678448
2018,90,0,0.0,0.0
1947,89,2,0.02247191011235955,-250.7072822787309
8530,88,0,0.0,86.8776794258369
4180,88,0,0.0,157.28193162525056
1365,88,0,0.0,80.7422955574415
8170,88,0,0.0,65.35142228738947
6105,88,0,0.0,12.781731234243887
1425,88,1,0.011363636363636364,-11.92884569378054
3934,84,1,0.011904761904761904,110.70994987468632
2881,82,0,0.0,79.40231769431398
1665,82,2,0.024390243902439025,-643.1399950308501
5070,82,0,0.0,23.052615670766098
1629,81,0,0.0,84.84300114583496
196,81,0,0.0,0.0
1577,81,0,0.0,134.7591829633818
1513,81,0,0.0,83.83098056271675
5455,80,0,0.0,0.0
3830,80,0,0.0,123.47089399405726
5687,80,0,0.0,52.46166383701173
5611,80,0,0.0,96.4375712719296
5614,80,0,0.0,69.13983294425529
2869,80,0,0.0,0.0
1835,80,0,0.0,108.85212499999946
1869,80,0,0.0,109.84620833333278
2470,80,1,0.0125,-10.625
827,80,0,0.0,72.50132894736825
7442,80,0,0.0,95.07280259620799
9445,80,0,0.0,106.66071030701725
837,80,0,0.0,51.89084316638311
1612,80,0,0.0,67.68343706140327
3381,80,0,0.0,0.0
1794,79,0,0.0,131.26192982456095
6241,77,0,0.0,70.87118819776673
1751,77,2,0.025974025974025976,-1221.0908424470267
4,77,0,0.0,113.94773654916482
4084,76,0,0.0,109.23208608852309
1829,76,1,0.013157894736842105,97.372785087719
4100,73,0,0.0,147.17056825669974
194,73,0,0.0,98.99947608747874
3607,72,0,0.0,144.33633406432708
1940,72,0,0.0,120.48915200748246
8460,72,0,0.0,0.0
3010,72,0,0.0,158.9147548025527
4220,72,0,0.0,149.61645782242306
4342,71,0,0.0,150.39299851741993
2028,70,0,0.0,124.32189240959511
1631,70,0,0.0,114.96452595775106
2019,70,0,0.0,69.78411654135321
1126,70,2,0.02857142857142857,-109.28596634443268
3651,70,1,0.014285714285714285,-752.3117561314
600,70,0,0.0,114.6120721446469
4470,70,0,0.0,152.13340100250585
3245,70,0,0.0,158.27797099892555
4140,70,0,0.0,163.8336403508768
8586,70,0,0.0,0.0
939,70,0,0.0,123.0702738990328
1833,68,0,0.0,105.27503499617133
2841,66,0,0.0,50.34057814992009
746,66,0,0.0,68.7954736670606
743,66,0,0.0,91.48990340587507
607,66,0,0.0,101.18495215310963
380,66,0,0.0,61.444202551833726
7200,66,0,0.0,114.28540026753058
2531,66,0,0.0,9.969133096671227
2415,66,0,0.0,77.58205741626745
1757,65,0,0.0,116.94573549257738
1949,64,1,0.015625,-208.7598578673254
4019,64,0,0.0,0.0
4148,64,0,0.0,0.0
7195,64,0,0.0,126.61028689888752
462,64,0,0.0,81.24729047290566
258,63,0,0.0,70.28380534669996
5500,63,1,0.015873015873015872,96.30805346700024
2860,60,0,0.0,87.00345614035061
1820,60,0,0.0,138.3223710149024
4457,60,0,0.0,112.80868849902522
738,60,0,0.0,148.25208588002232
325,60,0,0.0,60.51565171665697
1023,60,1,0.016666666666666666,69.98821929824526
337,60,0,0.0,86.43314035087691
8577,60,0,0.0,98.66693784191621
3925,60,0,0.0,154.23290341444968
1900,60,0,0.0,124.11387832484395
7788,59,0,0.0,51.571974427594284
1861,58,0,0.0,99.34885823754753
3915,58,0,0.0,49.19131384495707
7646,57,0,0.0,1.5389350569405964
9830,56,0,0.0,131.7608946473322
4184,56,0,0.0,0.0
951,56,0,0.0,99.39906798245563
1068,56,0,0.0,98.5951020408157
455,56,0,0.0,67.30591232545618
2920,55,3,0.05454545454545454,-1613.1773125996797
1389,55,0,0.0,121.16603168527338
7655,55,0,0.0,129.01902711323746
8599,55,1,0.01818181818181818,63.87339712918619
2610,55,0,0.0,78.39745614035046
9323,55,1,0.01818181818181818,-718.8136682615633
4319,54,0,0.0,170.421530214425
2070,54,1,0.018518518518518517,-743.4864084868688
5365,54,0,0.0,129.5949707602335
1560,50,1,0.02,87.06708771929787
3742,50,1,0.02,99.73841720430055
1914,50,0,0.0,0.0
149,50,0,0.0,80.2850789473681
1828,50,0,0.0,138.5026666666664
112,50,0,0.0,138.658175438596
9744,50,0,0.0,175.1040789473676
2010,48,1,0.020833333333333332,-554.7615350877189
1884,48,0,0.0,145.86695122382517
4810,48,0,0.0,0.0
3750,45,0,0.0,139.47775828460013
3965,45,0,0.0,153.8377290448342
9745,45,0,0.0,101.44372319688078
3680,45,0,0.0,67.73880116959056
4025,36,0,0.0,54.51409388165728
5435,36,0,0.0,147.133294346978
1026,36,0,0.0,67.59054580896645
1027,36,0,0.0,96.61438282085108
8701,36,0,0.0,87.6461476608185
1932,32,0,0.0,166.55576665959225
3802,32,0,0.0,172.14216866511018
4150,32,0,0.0,131.20314268534207
2500,30,0,0.0,98.43323304093514
2192,30,0,0.0,146.6252598440542
3887,25,0,0.0,196.635975438596
3257,24,0,0.0,139.27525767543816
6070,22,0,0.0,97.43393592118082
46,22,0,0.0,31.29035936615709
2021,22,0,0.0,165.24421052631544
1462,20,0,0.0,142.76481578947318
748,20,0,0.0,106.29204385964881
2766,20,0,0.0,0.0
466,18,1,0.05555555555555555,-2104.0037154939323
4455,18,0,0.0,88.89111142551684
371,17,0,0.0,140.71448400412763
2055,16,0,0.0,164.889002192982
3650,12,0,0.0,130.6615131578944
4811,11,0,0.0,144.4370733652309
4053,10,0,0.0,163.4860438596487
4016,10,0,0.0,195.71626315789408
3290,9,0,0.0,122.52884015594512
3740,9,0,0.0,171.41724171539923
340,8,0,0.0,119.70945175438563
356,8,0,0.0,78.70064692982426
331,7,0,0.0,43.859649122807
7763,5,0,0.0,26.3638548425862
7790,4,0,0.0,43.859649122807
7582,4,0,0.0,43.859649122807
6705,3,0,0.0,43.85964912280699
7571,3,0,0.0,43.85964912280699
7925,3,0,0.0,29.239766081871334
3080,3,0,0.0,43.85964912280699
2952,2,0,0.0,43.859649122807
3910,2,0,0.0,43.859649122807
7583,2,0,0.0,43.859649122807
5326,2,0,0.0,43.859649122807
9720,2,0,0.0,43.859649122807
6720,2,0,0.0,43.859649122807
3882,1,0,0.0,43.859649122807
5143,1,0,0.0,43.859649122807
6810,1,0,0.0,43.859649122807
6838,1,0,0.0,43.859649122807
7280,1,0,0.0,43.859649122807
6655,1,0,0.0,43.859649122807
2620,1,0,0.0,43.859649122807
1807,1,0,0.0,43.859649122807
284,1,0,0.0,43.859649122807
7340,1,0,0.0,43.859649122807
3655,1,0,0.0,43.859649122807
322,1,0,0.0,43.859649122807
7760,1,0,0.0,43.859649122807
7560,1,0,0.0,43.859649122807
7350,1,0,0.0,43.859649122807
2210,1,0,0.0,43.859649122807
7463,1,0,0.0,43.859649122807
7789,1,0,0.0,43.859649122807
8584,1,0,0.0,43.859649122807
